timestamp,solar_production,phase_a,phase_b,phase_c
2025-01-13 23:00:00+00:00,0.0,191,303,160
2025-01-13 23:01:00+00:00,0.0,212,214,143
2025-01-13 23:02:00+00:00,0.0,243,131,142
2025-01-13 23:03:00+00:00,0.0,213,126,142
2025-01-13 23:04:00+00:00,0.0,211,130,141
2025-01-13 23:05:00+00:00,0.0,209,127,142
2025-01-13 23:06:00+00:00,0.0,207,127,142
2025-01-13 23:07:00+00:00,0.0,220,134,142
2025-01-13 23:08:00+00:00,0.0,230,128,143
2025-01-13 23:09:00+00:00,0.0,230,125,142
2025-01-13 23:10:00+00:00,0.0,231,125,143
2025-01-13 23:11:00+00:00,0.0,229,124,144
2025-01-13 23:12:00+00:00,0.0,226,129,142
2025-01-13 23:13:00+00:00,0.0,191,131,142
2025-01-13 23:14:00+00:00,0.0,197,136,143
2025-01-13 23:15:00+00:00,0.0,196,127,143
2025-01-13 23:16:00+00:00,0.0,196,129,142
2025-01-13 23:17:00+00:00,0.0,199,129,142
2025-01-13 23:18:00+00:00,0.0,166,126,141
2025-01-13 23:19:00+00:00,0.0,129,132,142
2025-01-13 23:20:00+00:00,0.0,129,128,142
2025-01-13 23:21:00+00:00,0.0,129,132,143
2025-01-13 23:22:00+00:00,0.0,129,132,143
2025-01-13 23:23:00+00:00,0.0,129,126,142
2025-01-13 23:24:00+00:00,0.0,128,124,143
2025-01-13 23:25:00+00:00,0.0,123,125,101
2025-01-13 23:26:00+00:00,0.0,129,130,103
2025-01-13 23:27:00+00:00,0.0,128,126,103
2025-01-13 23:28:00+00:00,0.0,130,131,103
2025-01-13 23:29:00+00:00,0.0,129,135,102
2025-01-13 23:30:00+00:00,0.0,126,126,103
2025-01-13 23:31:00+00:00,0.0,131,125,102
2025-01-13 23:32:00+00:00,0.0,131,130,103
2025-01-13 23:33:00+00:00,0.0,131,125,103
2025-01-13 23:34:00+00:00,0.0,131,133,102
2025-01-13 23:35:00+00:00,0.0,132,127,100
2025-01-13 23:36:00+00:00,0.0,132,129,101
2025-01-13 23:37:00+00:00,0.0,129,130,101
2025-01-13 23:38:00+00:00,0.0,128,132,100
2025-01-13 23:39:00+00:00,0.0,130,124,100
2025-01-13 23:40:00+00:00,0.0,128,125,100
2025-01-13 23:41:00+00:00,0.0,211,130,100
2025-01-13 23:42:00+00:00,0.0,213,126,101
2025-01-13 23:43:00+00:00,0.0,217,127,100
2025-01-13 23:44:00+00:00,0.0,213,124,101
2025-01-13 23:45:00+00:00,0.0,211,125,101
2025-01-13 23:46:00+00:00,0.0,209,124,101
2025-01-13 23:47:00+00:00,0.0,210,127,101
2025-01-13 23:48:00+00:00,0.0,209,130,101
2025-01-13 23:49:00+00:00,0.0,207,129,101
2025-01-13 23:50:00+00:00,0.0,205,132,100
2025-01-13 23:51:00+00:00,0.0,205,131,101
2025-01-13 23:52:00+00:00,0.0,205,133,100
2025-01-13 23:53:00+00:00,0.0,205,135,100
2025-01-13 23:54:00+00:00,0.0,200,125,100
2025-01-13 23:55:00+00:00,0.0,204,126,100
2025-01-13 23:56:00+00:00,0.0,203,126,100
2025-01-13 23:57:00+00:00,0.0,203,127,100
2025-01-13 23:58:00+00:00,0.0,203,133,100
2025-01-13 23:59:00+00:00,0.0,143,126,100
2025-01-14 00:00:00+00:00,0.0,129,125,98
2025-01-14 00:01:00+00:00,0.0,129,127,95
2025-01-14 00:02:00+00:00,0.0,129,131,94
2025-01-14 00:03:00+00:00,0.0,128,130,95
2025-01-14 00:04:00+00:00,0.0,127,128,95
2025-01-14 00:05:00+00:00,0.0,128,129,95
2025-01-14 00:06:00+00:00,0.0,129,130,95
2025-01-14 00:07:00+00:00,0.0,118,124,102
2025-01-14 00:08:00+00:00,0.0,129,126,137
2025-01-14 00:09:00+00:00,0.0,130,132,137
2025-01-14 00:10:00+00:00,0.0,128,128,139
2025-01-14 00:11:00+00:00,0.0,124,127,138
2025-01-14 00:12:00+00:00,0.0,129,131,137
2025-01-14 00:13:00+00:00,0.0,128,127,137
2025-01-14 00:14:00+00:00,0.0,128,130,137
2025-01-14 00:15:00+00:00,0.0,128,127,137
2025-01-14 00:16:00+00:00,0.0,128,125,136
2025-01-14 00:17:00+00:00,0.0,130,130,137
2025-01-14 00:18:00+00:00,0.0,130,131,137
2025-01-14 00:19:00+00:00,0.0,129,133,138
2025-01-14 00:20:00+00:00,0.0,129,125,136
2025-01-14 00:21:00+00:00,0.0,129,124,137
2025-01-14 00:22:00+00:00,0.0,209,124,137
2025-01-14 00:23:00+00:00,0.0,213,126,137
2025-01-14 00:24:00+00:00,0.0,215,130,136
2025-01-14 00:25:00+00:00,0.0,212,126,137
2025-01-14 00:26:00+00:00,0.0,210,129,137
2025-01-14 00:27:00+00:00,0.0,208,126,136
2025-01-14 00:28:00+00:00,0.0,208,129,137
2025-01-14 00:29:00+00:00,0.0,209,125,136
2025-01-14 00:30:00+00:00,0.0,205,127,138
2025-01-14 00:31:00+00:00,0.0,206,126,136
2025-01-14 00:32:00+00:00,0.0,215,133,137
2025-01-14 00:33:00+00:00,0.0,215,133,136
2025-01-14 00:34:00+00:00,0.0,210,126,136
2025-01-14 00:35:00+00:00,0.0,213,127,136
2025-01-14 00:36:00+00:00,0.0,212,123,136
2025-01-14 00:37:00+00:00,0.0,212,125,95
2025-01-14 00:38:00+00:00,0.0,212,124,96
2025-01-14 00:39:00+00:00,0.0,209,127,96
2025-01-14 00:40:00+00:00,0.0,159,131,96
2025-01-14 00:41:00+00:00,0.0,135,130,96
2025-01-14 00:42:00+00:00,0.0,134,124,96
2025-01-14 00:43:00+00:00,0.0,136,136,97
2025-01-14 00:44:00+00:00,0.0,135,130,96
2025-01-14 00:45:00+00:00,0.0,135,126,96
2025-01-14 00:46:00+00:00,0.0,135,133,94
2025-01-14 00:47:00+00:00,0.0,136,127,94
2025-01-14 00:48:00+00:00,0.0,135,125,94
2025-01-14 00:49:00+00:00,0.0,135,129,94
2025-01-14 00:50:00+00:00,0.0,135,125,94
2025-01-14 00:51:00+00:00,0.0,131,128,94
2025-01-14 00:52:00+00:00,0.0,135,127,94
2025-01-14 00:53:00+00:00,0.0,134,131,94
2025-01-14 00:54:00+00:00,0.0,134,127,93
2025-01-14 00:55:00+00:00,0.0,134,127,93
2025-01-14 00:56:00+00:00,0.0,134,124,93
2025-01-14 00:57:00+00:00,0.0,170,129,93
2025-01-14 00:58:00+00:00,0.0,135,127,93
2025-01-14 00:59:00+00:00,0.0,135,129,93
2025-01-14 01:00:00+00:00,0.0,136,136,94
2025-01-14 01:01:00+00:00,0.0,134,167,93
2025-01-14 01:02:00+00:00,0.0,134,153,93
2025-01-14 01:03:00+00:00,0.0,217,127,93
2025-01-14 01:04:00+00:00,0.0,222,128,93
2025-01-14 01:05:00+00:00,0.0,221,128,93
2025-01-14 01:06:00+00:00,0.0,217,125,93
2025-01-14 01:07:00+00:00,0.0,215,132,93
2025-01-14 01:08:00+00:00,0.0,209,130,93
2025-01-14 01:09:00+00:00,0.0,214,126,94
2025-01-14 01:10:00+00:00,0.0,213,135,93
2025-01-14 01:11:00+00:00,0.0,211,125,93
2025-01-14 01:12:00+00:00,0.0,212,134,93
2025-01-14 01:13:00+00:00,0.0,211,125,93
2025-01-14 01:14:00+00:00,0.0,212,128,93
2025-01-14 01:15:00+00:00,0.0,210,132,93
2025-01-14 01:16:00+00:00,0.0,210,129,93
2025-01-14 01:17:00+00:00,0.0,210,128,93
2025-01-14 01:18:00+00:00,0.0,209,126,93
2025-01-14 01:19:00+00:00,0.0,209,131,93
2025-01-14 01:20:00+00:00,0.0,167,131,135
2025-01-14 01:21:00+00:00,0.0,134,127,135
2025-01-14 01:22:00+00:00,0.0,136,134,135
2025-01-14 01:23:00+00:00,0.0,135,132,137
2025-01-14 01:24:00+00:00,0.0,135,131,137
2025-01-14 01:25:00+00:00,0.0,136,126,136
2025-01-14 01:26:00+00:00,0.0,136,128,135
2025-01-14 01:27:00+00:00,0.0,135,131,136
2025-01-14 01:28:00+00:00,0.0,135,132,136
2025-01-14 01:29:00+00:00,0.0,136,129,136
2025-01-14 01:30:00+00:00,0.0,136,135,135
2025-01-14 01:31:00+00:00,0.0,131,126,136
2025-01-14 01:32:00+00:00,0.0,134,124,135
2025-01-14 01:33:00+00:00,0.0,136,125,135
2025-01-14 01:34:00+00:00,0.0,138,125,136
2025-01-14 01:35:00+00:00,0.0,137,127,135
2025-01-14 01:36:00+00:00,0.0,137,132,135
2025-01-14 01:37:00+00:00,0.0,156,128,135
2025-01-14 01:38:00+00:00,0.0,131,125,134
2025-01-14 01:39:00+00:00,0.0,132,130,135
2025-01-14 01:40:00+00:00,0.0,131,124,135
2025-01-14 01:41:00+00:00,0.0,128,130,135
2025-01-14 01:42:00+00:00,0.0,129,127,134
2025-01-14 01:43:00+00:00,0.0,207,126,135
2025-01-14 01:44:00+00:00,0.0,217,128,135
2025-01-14 01:45:00+00:00,0.0,218,124,135
2025-01-14 01:46:00+00:00,0.0,213,127,135
2025-01-14 01:47:00+00:00,0.0,211,132,135
2025-01-14 01:48:00+00:00,0.0,205,128,115
2025-01-14 01:49:00+00:00,0.0,209,131,94
2025-01-14 01:50:00+00:00,0.0,209,126,95
2025-01-14 01:51:00+00:00,0.0,207,131,94
2025-01-14 01:52:00+00:00,0.0,206,127,95
2025-01-14 01:53:00+00:00,0.0,207,130,95
2025-01-14 01:54:00+00:00,0.0,205,128,95
2025-01-14 01:55:00+00:00,0.0,204,125,95
2025-01-14 01:56:00+00:00,0.0,203,131,95
2025-01-14 01:57:00+00:00,0.0,204,127,94
2025-01-14 01:58:00+00:00,0.0,204,126,93
2025-01-14 01:59:00+00:00,0.0,203,124,99
2025-01-14 02:00:00+00:00,0.0,202,126,100
2025-01-14 02:01:00+00:00,0.0,164,128,99
2025-01-14 02:02:00+00:00,0.0,128,129,99
2025-01-14 02:03:00+00:00,0.0,128,130,99
2025-01-14 02:04:00+00:00,0.0,118,130,99
2025-01-14 02:05:00+00:00,0.0,128,127,99
2025-01-14 02:06:00+00:00,0.0,128,126,99
2025-01-14 02:07:00+00:00,0.0,129,124,99
2025-01-14 02:08:00+00:00,0.0,128,125,99
2025-01-14 02:09:00+00:00,0.0,128,128,98
2025-01-14 02:10:00+00:00,0.0,127,130,98
2025-01-14 02:11:00+00:00,0.0,128,134,98
2025-01-14 02:12:00+00:00,0.0,128,129,98
2025-01-14 02:13:00+00:00,0.0,118,127,98
2025-01-14 02:14:00+00:00,0.0,114,125,97
2025-01-14 02:15:00+00:00,0.0,123,135,98
2025-01-14 02:16:00+00:00,0.0,123,131,97
2025-01-14 02:17:00+00:00,0.0,123,130,97
2025-01-14 02:18:00+00:00,0.0,124,128,97
2025-01-14 02:19:00+00:00,0.0,126,125,97
2025-01-14 02:20:00+00:00,0.0,126,131,96
2025-01-14 02:21:00+00:00,0.0,127,125,96
2025-01-14 02:22:00+00:00,0.0,127,130,97
2025-01-14 02:23:00+00:00,0.0,128,128,96
2025-01-14 02:24:00+00:00,0.0,210,132,96
2025-01-14 02:25:00+00:00,0.0,198,127,97
2025-01-14 02:26:00+00:00,0.0,210,124,96
2025-01-14 02:27:00+00:00,0.0,205,125,96
2025-01-14 02:28:00+00:00,0.0,204,128,96
2025-01-14 02:29:00+00:00,0.0,202,130,95
2025-01-14 02:30:00+00:00,0.0,201,127,95
2025-01-14 02:31:00+00:00,0.0,202,134,95
2025-01-14 02:32:00+00:00,0.0,198,132,116
2025-01-14 02:33:00+00:00,0.0,198,124,137
2025-01-14 02:34:00+00:00,0.0,197,124,136
2025-01-14 02:35:00+00:00,0.0,200,126,138
2025-01-14 02:36:00+00:00,0.0,201,123,138
2025-01-14 02:37:00+00:00,0.0,195,125,137
2025-01-14 02:38:00+00:00,0.0,199,126,137
2025-01-14 02:39:00+00:00,0.0,199,128,137
2025-01-14 02:40:00+00:00,0.0,198,125,137
2025-01-14 02:41:00+00:00,0.0,196,128,137
2025-01-14 02:42:00+00:00,0.0,124,128,137
2025-01-14 02:43:00+00:00,0.0,123,128,137
2025-01-14 02:44:00+00:00,0.0,122,131,137
2025-01-14 02:45:00+00:00,0.0,122,128,136
2025-01-14 02:46:00+00:00,0.0,122,133,136
2025-01-14 02:47:00+00:00,0.0,121,140,136
2025-01-14 02:48:00+00:00,0.0,117,129,135
2025-01-14 02:49:00+00:00,0.0,121,125,136
2025-01-14 02:50:00+00:00,0.0,121,127,136
2025-01-14 02:51:00+00:00,0.0,121,129,136
2025-01-14 02:52:00+00:00,0.0,122,127,136
2025-01-14 02:53:00+00:00,0.0,122,128,136
2025-01-14 02:54:00+00:00,0.0,122,128,136
2025-01-14 02:55:00+00:00,0.0,122,130,136
2025-01-14 02:56:00+00:00,0.0,122,125,136
2025-01-14 02:57:00+00:00,0.0,122,127,135
2025-01-14 02:58:00+00:00,0.0,121,125,135
2025-01-14 02:59:00+00:00,0.0,121,127,136
2025-01-14 03:00:00+00:00,0.0,121,133,114
2025-01-14 03:01:00+00:00,0.0,121,131,95
2025-01-14 03:02:00+00:00,0.0,123,132,95
2025-01-14 03:03:00+00:00,0.0,122,128,94
2025-01-14 03:04:00+00:00,0.0,122,129,95
2025-01-14 03:05:00+00:00,0.0,200,126,96
2025-01-14 03:06:00+00:00,0.0,210,125,95
2025-01-14 03:07:00+00:00,0.0,208,129,101
2025-01-14 03:08:00+00:00,0.0,203,127,100
2025-01-14 03:09:00+00:00,0.0,203,128,104
2025-01-14 03:10:00+00:00,0.0,201,131,104
2025-01-14 03:11:00+00:00,0.0,201,128,104
2025-01-14 03:12:00+00:00,0.0,199,129,99
2025-01-14 03:13:00+00:00,0.0,199,126,94
2025-01-14 03:14:00+00:00,0.0,198,124,94
2025-01-14 03:15:00+00:00,0.0,199,138,95
2025-01-14 03:16:00+00:00,0.0,198,129,99
2025-01-14 03:17:00+00:00,0.0,195,126,103
2025-01-14 03:18:00+00:00,0.0,197,129,94
2025-01-14 03:19:00+00:00,0.0,196,129,93
2025-01-14 03:20:00+00:00,0.0,197,127,93
2025-01-14 03:21:00+00:00,0.0,195,127,93
2025-01-14 03:22:00+00:00,0.0,154,130,94
2025-01-14 03:23:00+00:00,0.0,122,132,94
2025-01-14 03:24:00+00:00,0.0,122,129,94
2025-01-14 03:25:00+00:00,0.0,122,126,93
2025-01-14 03:26:00+00:00,0.0,122,129,94
2025-01-14 03:27:00+00:00,0.0,121,129,93
2025-01-14 03:28:00+00:00,0.0,123,136,94
2025-01-14 03:29:00+00:00,0.0,121,128,94
2025-01-14 03:30:00+00:00,0.0,122,133,94
2025-01-14 03:31:00+00:00,0.0,122,129,94
2025-01-14 03:32:00+00:00,0.0,122,130,94
2025-01-14 03:33:00+00:00,0.0,128,128,94
2025-01-14 03:34:00+00:00,0.0,123,129,94
2025-01-14 03:35:00+00:00,0.0,127,127,94
2025-01-14 03:36:00+00:00,0.0,127,133,94
2025-01-14 03:37:00+00:00,0.0,128,126,93
2025-01-14 03:38:00+00:00,0.0,130,128,93
2025-01-14 03:39:00+00:00,0.0,131,131,93
2025-01-14 03:40:00+00:00,0.0,131,129,93
2025-01-14 03:41:00+00:00,0.0,130,128,93
2025-01-14 03:42:00+00:00,0.0,129,126,93
2025-01-14 03:43:00+00:00,0.0,130,135,94
2025-01-14 03:44:00+00:00,0.0,128,133,115
2025-01-14 03:45:00+00:00,0.0,162,127,135
2025-01-14 03:46:00+00:00,0.0,215,124,136
2025-01-14 03:47:00+00:00,0.0,216,131,136
2025-01-14 03:48:00+00:00,0.0,212,128,135
2025-01-14 03:49:00+00:00,0.0,207,127,136
2025-01-14 03:50:00+00:00,0.0,206,127,135
2025-01-14 03:51:00+00:00,0.0,201,130,135
2025-01-14 03:52:00+00:00,0.0,204,126,134
2025-01-14 03:53:00+00:00,0.0,203,129,133
2025-01-14 03:54:00+00:00,0.0,201,124,135
2025-01-14 03:55:00+00:00,0.0,202,128,135
2025-01-14 03:56:00+00:00,0.0,202,127,134
2025-01-14 03:57:00+00:00,0.0,200,129,134
2025-01-14 03:58:00+00:00,0.0,200,125,135
2025-01-14 03:59:00+00:00,0.0,201,125,134
2025-01-14 04:00:00+00:00,0.0,200,129,133
2025-01-14 04:01:00+00:00,0.0,198,130,134
2025-01-14 04:02:00+00:00,0.0,194,127,134
2025-01-14 04:03:00+00:00,0.0,162,128,134
2025-01-14 04:04:00+00:00,0.0,125,128,134
2025-01-14 04:05:00+00:00,0.0,123,131,134
2025-01-14 04:06:00+00:00,0.0,125,128,135
2025-01-14 04:07:00+00:00,0.0,124,130,134
2025-01-14 04:08:00+00:00,0.0,124,130,134
2025-01-14 04:09:00+00:00,0.0,123,127,134
2025-01-14 04:10:00+00:00,0.0,123,128,134
2025-01-14 04:11:00+00:00,0.0,123,130,134
2025-01-14 04:12:00+00:00,0.0,123,127,92
2025-01-14 04:13:00+00:00,0.0,122,130,94
2025-01-14 04:14:00+00:00,0.0,118,125,94
2025-01-14 04:15:00+00:00,0.0,123,131,95
2025-01-14 04:16:00+00:00,0.0,124,132,94
2025-01-14 04:17:00+00:00,0.0,122,130,95
2025-01-14 04:18:00+00:00,0.0,122,128,95
2025-01-14 04:19:00+00:00,0.0,123,124,94
2025-01-14 04:20:00+00:00,0.0,124,125,95
2025-01-14 04:21:00+00:00,0.0,123,129,94
2025-01-14 04:22:00+00:00,0.0,123,126,94
2025-01-14 04:23:00+00:00,0.0,123,129,93
2025-01-14 04:24:00+00:00,0.0,123,130,92
2025-01-14 04:25:00+00:00,0.0,118,129,94
2025-01-14 04:26:00+00:00,0.0,123,126,93
2025-01-14 04:27:00+00:00,0.0,206,124,95
2025-01-14 04:28:00+00:00,0.0,212,130,95
2025-01-14 04:29:00+00:00,0.0,207,129,95
2025-01-14 04:30:00+00:00,0.0,204,127,95
2025-01-14 04:31:00+00:00,0.0,269,129,95
2025-01-14 04:32:00+00:00,0.0,203,127,95
2025-01-14 04:33:00+00:00,0.0,202,130,95
2025-01-14 04:34:00+00:00,0.0,200,131,95
2025-01-14 04:35:00+00:00,0.0,199,127,96
2025-01-14 04:36:00+00:00,0.0,199,124,95
2025-01-14 04:37:00+00:00,0.0,198,126,96
2025-01-14 04:38:00+00:00,0.0,199,126,96
2025-01-14 04:39:00+00:00,0.0,200,126,95
2025-01-14 04:40:00+00:00,0.0,200,125,95
2025-01-14 04:41:00+00:00,0.0,200,124,95
2025-01-14 04:42:00+00:00,0.0,200,123,95
2025-01-14 04:43:00+00:00,0.0,195,126,96
2025-01-14 04:44:00+00:00,0.0,161,129,96
2025-01-14 04:45:00+00:00,0.0,126,128,95
2025-01-14 04:46:00+00:00,0.0,124,130,95
2025-01-14 04:47:00+00:00,0.0,122,127,95
2025-01-14 04:48:00+00:00,0.0,123,126,95
2025-01-14 04:49:00+00:00,0.0,123,132,95
2025-01-14 04:50:00+00:00,0.0,122,128,95
2025-01-14 04:51:00+00:00,0.0,122,128,95
2025-01-14 04:52:00+00:00,0.0,123,131,95
2025-01-14 04:53:00+00:00,0.0,122,138,95
2025-01-14 04:54:00+00:00,0.0,119,129,95
2025-01-14 04:55:00+00:00,0.0,123,124,94
2025-01-14 04:56:00+00:00,0.0,121,144,95
2025-01-14 04:57:00+00:00,0.0,122,128,94
2025-01-14 04:58:00+00:00,0.0,122,133,94
2025-01-14 04:59:00+00:00,0.0,124,127,94
2025-01-14 05:00:00+00:00,0.0,123,136,95
2025-01-14 05:01:00+00:00,0.0,122,125,95
2025-01-14 05:02:00+00:00,0.0,120,123,94
2025-01-14 05:03:00+00:00,0.0,122,126,94
2025-01-14 05:04:00+00:00,0.0,117,134,94
2025-01-14 05:05:00+00:00,0.0,123,144,94
2025-01-14 05:06:00+00:00,0.0,163,154,94
2025-01-14 05:07:00+00:00,0.0,205,151,93
2025-01-14 05:08:00+00:00,0.0,211,154,94
2025-01-14 05:09:00+00:00,0.0,209,153,93
2025-01-14 05:10:00+00:00,0.0,207,135,95
2025-01-14 05:11:00+00:00,0.0,206,126,94
2025-01-14 05:12:00+00:00,0.0,203,128,94
2025-01-14 05:13:00+00:00,0.0,202,128,95
2025-01-14 05:14:00+00:00,0.0,201,125,95
2025-01-14 05:15:00+00:00,0.0,201,128,95
2025-01-14 05:16:00+00:00,0.0,204,130,94
2025-01-14 05:17:00+00:00,0.0,202,132,94
2025-01-14 05:18:00+00:00,0.0,217,123,94
2025-01-14 05:19:00+00:00,0.0,224,127,109
2025-01-14 05:20:00+00:00,0.0,640,145,110
2025-01-14 05:21:00+00:00,0.0,382,147,109
2025-01-14 05:22:00+00:00,0.0,598,145,110
2025-01-14 05:23:00+00:00,0.0,626,880,133
2025-01-14 05:24:00+00:00,0.0,349,125,137
2025-01-14 05:25:00+00:00,0.0,256,133,137
2025-01-14 05:26:00+00:00,0.0,297,889,138
2025-01-14 05:27:00+00:00,0.0,411,128,136
2025-01-14 05:28:00+00:00,0.0,553,323,126
2025-01-14 05:29:00+00:00,0.0,146,128,109
2025-01-14 05:30:00+00:00,0.0,146,124,109
2025-01-14 05:31:00+00:00,0.0,142,124,109
2025-01-14 05:32:00+00:00,0.0,136,128,109
2025-01-14 05:33:00+00:00,0.0,141,125,110
2025-01-14 05:34:00+00:00,0.0,141,128,109
2025-01-14 05:35:00+00:00,0.0,141,132,109
2025-01-14 05:36:00+00:00,0.0,142,977,112
2025-01-14 05:37:00+00:00,0.0,140,124,153
2025-01-14 05:38:00+00:00,0.0,136,126,150
2025-01-14 05:39:00+00:00,0.0,142,126,150
2025-01-14 05:40:00+00:00,0.0,144,130,151
2025-01-14 05:41:00+00:00,0.0,147,129,150
2025-01-14 05:42:00+00:00,0.0,144,127,150
2025-01-14 05:43:00+00:00,0.0,145,132,151
2025-01-14 05:44:00+00:00,0.0,146,130,184
2025-01-14 05:45:00+00:00,0.0,148,129,198
2025-01-14 05:46:00+00:00,0.0,147,124,194
2025-01-14 05:47:00+00:00,0.0,160,128,159
2025-01-14 05:48:00+00:00,0.0,254,128,169
2025-01-14 05:49:00+00:00,0.0,261,128,169
2025-01-14 05:50:00+00:00,0.0,259,126,158
2025-01-14 05:51:00+00:00,0.0,254,159,147
2025-01-14 05:52:00+00:00,0.0,257,154,156
2025-01-14 05:53:00+00:00,0.0,252,153,156
2025-01-14 05:54:00+00:00,0.0,251,151,146
2025-01-14 05:55:00+00:00,0.0,245,162,147
2025-01-14 05:56:00+00:00,0.0,247,171,146
2025-01-14 05:57:00+00:00,0.0,248,168,146
2025-01-14 05:58:00+00:00,0.0,247,167,146
2025-01-14 05:59:00+00:00,0.0,247,169,145
2025-01-14 06:00:00+00:00,0.0,250,153,145
2025-01-14 06:01:00+00:00,0.0,251,144,145
2025-01-14 06:02:00+00:00,0.0,245,145,144
2025-01-14 06:03:00+00:00,0.0,227,141,145
2025-01-14 06:04:00+00:00,0.0,204,143,171
2025-01-14 06:05:00+00:00,0.0,129,154,158
2025-01-14 06:06:00+00:00,0.0,130,140,149
2025-01-14 06:07:00+00:00,0.0,129,137,133
2025-01-14 06:08:00+00:00,0.0,142,153,133
2025-01-14 06:09:00+00:00,0.0,157,170,134
2025-01-14 06:10:00+00:00,0.0,157,169,134
2025-01-14 06:11:00+00:00,0.0,151,167,113
2025-01-14 06:12:00+00:00,0.0,156,169,92
2025-01-14 06:13:00+00:00,0.0,159,137,94
2025-01-14 06:14:00+00:00,0.0,156,124,94
2025-01-14 06:15:00+00:00,0.0,156,131,94
2025-01-14 06:16:00+00:00,0.0,168,128,94
2025-01-14 06:17:00+00:00,0.0,199,127,94
2025-01-14 06:18:00+00:00,0.0,201,128,93
2025-01-14 06:19:00+00:00,0.0,174,130,103
2025-01-14 06:20:00+00:00,0.0,161,143,93
2025-01-14 06:21:00+00:00,0.0,158,178,91
2025-01-14 06:22:00+00:00,0.0,156,159,92
2025-01-14 06:23:00+00:00,0.0,159,150,91
2025-01-14 06:24:00+00:00,0.0,157,156,113
2025-01-14 06:25:00+00:00,0.0,157,152,114
2025-01-14 06:26:00+00:00,0.0,157,160,115
2025-01-14 06:27:00+00:00,0.0,179,129,104
2025-01-14 06:28:00+00:00,0.0,188,123,92
2025-01-14 06:29:00+00:00,0.0,283,126,138
2025-01-14 06:30:00+00:00,0.0,289,131,294
2025-01-14 06:31:00+00:00,0.0,286,130,270
2025-01-14 06:32:00+00:00,0.0,277,133,271
2025-01-14 06:33:00+00:00,0.0,281,132,269
2025-01-14 06:34:00+00:00,0.0,290,128,269
2025-01-14 06:35:00+00:00,0.0,289,131,268
2025-01-14 06:36:00+00:00,0.0,289,124,268
2025-01-14 06:37:00+00:00,0.0,278,128,269
2025-01-14 06:38:00+00:00,0.0,277,129,269
2025-01-14 06:39:00+00:00,0.0,276,127,270
2025-01-14 06:40:00+00:00,0.0,220,132,275
2025-01-14 06:41:00+00:00,0.0,224,143,275
2025-01-14 06:42:00+00:00,0.0,226,154,268
2025-01-14 06:43:00+00:00,0.0,199,156,267
2025-01-14 06:44:00+00:00,0.0,201,152,268
2025-01-14 06:45:00+00:00,0.0,257,152,268
2025-01-14 06:46:00+00:00,0.0,225,151,268
2025-01-14 06:47:00+00:00,0.0,187,127,267
2025-01-14 06:48:00+00:00,0.0,189,124,44
2025-01-14 06:49:00+00:00,0.0,213,126,43
2025-01-14 06:50:00+00:00,0.0,188,129,65
2025-01-14 06:51:00+00:00,0.0,192,134,83
2025-01-14 06:52:00+00:00,0.0,194,130,89
2025-01-14 06:53:00+00:00,0.0,193,127,130
2025-01-14 06:54:00+00:00,0.0,196,128,137
2025-01-14 06:55:00+00:00,0.0,199,128,138
2025-01-14 06:56:00+00:00,0.0,199,126,134
2025-01-14 06:57:00+00:00,0.0,203,129,133
2025-01-14 06:58:00+00:00,0.0,206,130,134
2025-01-14 06:59:00+00:00,0.0,209,126,133
2025-01-14 07:00:00+00:00,0.0,201,126,133
2025-01-14 07:01:00+00:00,0.0,202,124,188
2025-01-14 07:02:00+00:00,0.0,209,129,182
2025-01-14 07:03:00+00:00,0.0,212,123,195
2025-01-14 07:04:00+00:00,0.0,215,131,239
2025-01-14 07:05:00+00:00,0.0,218,135,250
2025-01-14 07:06:00+00:00,0.0,220,126,255
2025-01-14 07:07:00+00:00,0.0,219,126,252
2025-01-14 07:08:00+00:00,0.0,224,134,251
2025-01-14 07:09:00+00:00,0.0,268,123,249
2025-01-14 07:10:00+00:00,0.0,315,124,249
2025-01-14 07:11:00+00:00,0.0,319,133,248
2025-01-14 07:12:00+00:00,0.0,318,129,158
2025-01-14 07:13:00+00:00,0.0,314,132,159
2025-01-14 07:14:00+00:00,0.0,311,126,157
2025-01-14 07:15:00+00:00,0.0,312,129,158
2025-01-14 07:16:00+00:00,0.0,309,128,156
2025-01-14 07:17:00+00:00,0.0,308,121,155
2025-01-14 07:18:00+00:00,0.0,307,119,156
2025-01-14 07:19:00+00:00,0.0,306,128,155
2025-01-14 07:20:00+00:00,0.0,307,127,153
2025-01-14 07:21:00+00:00,0.0,305,121,153
2025-01-14 07:22:00+00:00,0.0,300,129,149
2025-01-14 07:23:00+00:00,0.0,300,115,148
2025-01-14 07:24:00+00:00,0.0,301,119,146
2025-01-14 07:25:00+00:00,0.0,302,116,144
2025-01-14 07:26:00+00:00,0.0,299,123,146
2025-01-14 07:27:00+00:00,0.0,263,120,144
2025-01-14 07:28:00+00:00,0.0,223,126,145
2025-01-14 07:29:00+00:00,0.0,221,124,140
2025-01-14 07:30:00+00:00,0.0,221,113,140
2025-01-14 07:31:00+00:00,0.0,218,114,140
2025-01-14 07:32:00+00:00,0.0,212,117,141
2025-01-14 07:33:00+00:00,0.0,207,111,134
2025-01-14 07:34:00+00:00,0.0,210,117,137
2025-01-14 07:35:00+00:00,0.0,234,113,134
2025-01-14 07:36:00+00:00,0.0,197,108,132
2025-01-14 07:37:00+00:00,0.0,195,105,131
2025-01-14 07:38:00+00:00,0.0,198,109,131
2025-01-14 07:39:00+00:00,0.0,199,108,129
2025-01-14 07:40:00+00:00,0.0,193,110,129
2025-01-14 07:41:00+00:00,0.0,191,104,127
2025-01-14 07:42:00+00:00,0.0,192,112,127
2025-01-14 07:43:00+00:00,0.0,195,107,125
2025-01-14 07:44:00+00:00,0.0,191,101,121
2025-01-14 07:45:00+00:00,0.0,136,110,123
2025-01-14 07:46:00+00:00,0.0,131,96,123
2025-01-14 07:47:00+00:00,0.0,131,98,122
2025-01-14 07:48:00+00:00,0.0,129,94,118
2025-01-14 07:49:00+00:00,0.0,125,100,117
2025-01-14 07:50:00+00:00,0.0,1534,96,116
2025-01-14 07:51:00+00:00,0.0,195,103,111
2025-01-14 07:52:00+00:00,0.0,196,88,108
2025-01-14 07:53:00+00:00,0.0,173,81,99
2025-01-14 07:54:00+00:00,1.0,163,66,88
2025-01-14 07:55:00+00:00,2.0,134,45,64
2025-01-14 07:56:00+00:00,3.0,101,23,33
2025-01-14 07:57:00+00:00,13.0,78,-11,15
2025-01-14 07:58:00+00:00,18.0,38,-38,-22
2025-01-14 07:59:00+00:00,21.0,17,-68,-44
2025-01-14 08:00:00+00:00,34.0,-2,-79,-36
2025-01-14 08:01:00+00:00,47.0,-17,-88,-24
2025-01-14 08:02:00+00:00,70.0,-18,-91,-24
2025-01-14 08:03:00+00:00,102.0,-14,-81,-17
2025-01-14 08:04:00+00:00,138.0,-6,-65,-12
2025-01-14 08:05:00+00:00,142.0,-1,-62,-6
2025-01-14 08:06:00+00:00,148.0,-26,-87,-26
2025-01-14 08:07:00+00:00,163.0,-119,-176,-115
2025-01-14 08:08:00+00:00,178.0,-287,-309,-253
2025-01-14 08:09:00+00:00,185.0,-444,-432,-363
2025-01-14 08:10:00+00:00,206.0,-447,-427,-373
2025-01-14 08:11:00+00:00,259.0,-372,-356,-293
2025-01-14 08:12:00+00:00,434.0,-251,-231,-176
2025-01-14 08:13:00+00:00,479.0,-125,-111,-54
2025-01-14 08:14:00+00:00,504.0,-99,-86,-22
2025-01-14 08:15:00+00:00,575.0,-95,-115,-49
2025-01-14 08:16:00+00:00,647.0,-121,-112,-52
2025-01-14 08:17:00+00:00,745.0,-102,-105,-134
2025-01-14 08:18:00+00:00,773.0,-80,-76,-109
2025-01-14 08:19:00+00:00,842.0,-70,-66,-100
2025-01-14 08:20:00+00:00,855.0,-77,-77,-106
2025-01-14 08:21:00+00:00,861.0,-103,-81,-123
2025-01-14 08:22:00+00:00,862.0,-118,-100,-142
2025-01-14 08:23:00+00:00,864.0,-121,-109,-147
2025-01-14 08:24:00+00:00,863.0,-120,-114,-145
2025-01-14 08:25:00+00:00,863.0,-148,-138,-172
2025-01-14 08:26:00+00:00,859.0,-242,-225,-266
2025-01-14 08:27:00+00:00,827.0,-231,-212,-254
2025-01-14 08:28:00+00:00,815.0,-169,-156,-232
2025-01-14 08:29:00+00:00,813.0,-152,-138,-218
2025-01-14 08:30:00+00:00,806.0,-144,-129,-212
2025-01-14 08:31:00+00:00,799.0,-78,-147,-227
2025-01-14 08:32:00+00:00,757.0,-85,-162,-237
2025-01-14 08:33:00+00:00,743.0,-91,-161,-243
2025-01-14 08:34:00+00:00,730.0,-98,-154,-243
2025-01-14 08:35:00+00:00,737.0,-92,-158,-235
2025-01-14 08:36:00+00:00,738.0,-86,-155,-231
2025-01-14 08:37:00+00:00,739.0,-96,-161,-241
2025-01-14 08:38:00+00:00,744.0,-110,-165,-252
2025-01-14 08:39:00+00:00,746.0,-98,-162,-244
2025-01-14 08:40:00+00:00,750.0,-95,-159,-237
2025-01-14 08:41:00+00:00,755.0,-101,-168,-249
2025-01-14 08:42:00+00:00,786.0,-163,-221,-306
2025-01-14 08:43:00+00:00,797.0,-381,-434,-493
2025-01-14 08:44:00+00:00,809.0,-683,-737,-778
2025-01-14 08:45:00+00:00,814.0,-877,-921,-965
2025-01-14 08:46:00+00:00,851.0,-861,-914,-948
2025-01-14 08:47:00+00:00,861.0,-985,-1028,-1068
2025-01-14 08:48:00+00:00,990.0,-1064,-1068,-1111
2025-01-14 08:49:00+00:00,1094.0,-1082,-1054,-1093
2025-01-14 08:50:00+00:00,1196.0,-1145,-1113,-1156
2025-01-14 08:51:00+00:00,1210.0,-1183,-1153,-1193
2025-01-14 08:52:00+00:00,1225.0,-1227,-1194,-1237
2025-01-14 08:53:00+00:00,1234.0,-1235,-1203,-1241
2025-01-14 08:54:00+00:00,1242.0,-1215,-1195,-1243
2025-01-14 08:55:00+00:00,1317.0,-1246,-1223,-1264
2025-01-14 08:56:00+00:00,1393.0,-1260,-1249,-1284
2025-01-14 08:57:00+00:00,1753.0,-1271,-1255,-1294
2025-01-14 08:58:00+00:00,2103.0,-1292,-1281,-1315
2025-01-14 08:59:00+00:00,2287.0,-1322,-1316,-1348
2025-01-14 09:00:00+00:00,2366.0,-1349,-1340,-1322
2025-01-14 09:01:00+00:00,2496.0,-1349,-1342,-1322
2025-01-14 09:02:00+00:00,2626.0,-1347,-1334,-1320
2025-01-14 09:03:00+00:00,3174.0,-1341,-1332,-1311
2025-01-14 09:04:00+00:00,3408.0,-1339,-1330,-1311
2025-01-14 09:05:00+00:00,3705.0,-1370,-1360,-1341
2025-01-14 09:06:00+00:00,3736.0,-1420,-1400,-1384
2025-01-14 09:07:00+00:00,3763.0,-1415,-1404,-1388
2025-01-14 09:08:00+00:00,3768.0,-1424,-1414,-1396
2025-01-14 09:09:00+00:00,3785.0,-1416,-1402,-1387
2025-01-14 09:10:00+00:00,3826.0,-1412,-1401,-1386
2025-01-14 09:11:00+00:00,3867.0,-1353,-1377,-1369
2025-01-14 09:12:00+00:00,3946.0,-1298,-1379,-1320
2025-01-14 09:13:00+00:00,4065.0,-1318,-1393,-1339
2025-01-14 09:14:00+00:00,4158.0,-1324,-1400,-1343
2025-01-14 09:15:00+00:00,4193.0,-1290,-1359,-1307
2025-01-14 09:16:00+00:00,4222.0,-1288,-1353,-1300
2025-01-14 09:17:00+00:00,4252.0,-1300,-1363,-1312
2025-01-14 09:18:00+00:00,4267.0,-1220,-1278,-1223
2025-01-14 09:19:00+00:00,4387.0,-1306,-1371,-1312
2025-01-14 09:20:00+00:00,4443.0,-1279,-1344,-1285
2025-01-14 09:21:00+00:00,4455.0,-1211,-1277,-1214
2025-01-14 09:22:00+00:00,4464.0,-1201,-1265,-1204
2025-01-14 09:23:00+00:00,4462.0,-1128,-1194,-1132
2025-01-14 09:24:00+00:00,4460.0,-1186,-1279,-1222
2025-01-14 09:25:00+00:00,4456.0,-1310,-1374,-1312
2025-01-14 09:26:00+00:00,4452.0,-1299,-1356,-1303
2025-01-14 09:27:00+00:00,4449.0,-1315,-1379,-1318
2025-01-14 09:28:00+00:00,4426.0,-1332,-1395,-1340
2025-01-14 09:29:00+00:00,4387.0,-1432,-1416,-1368
2025-01-14 09:30:00+00:00,4395.0,-1442,-1413,-1373
2025-01-14 09:31:00+00:00,4399.0,-1424,-1410,-1362
2025-01-14 09:32:00+00:00,4394.0,-1423,-1407,-1359
2025-01-14 09:33:00+00:00,4389.0,-1417,-1402,-1354
2025-01-14 09:34:00+00:00,4384.0,-1430,-1413,-1364
2025-01-14 09:35:00+00:00,4395.0,-1462,-1441,-1394
2025-01-14 09:36:00+00:00,4401.0,-1501,-1492,-1437
2025-01-14 09:37:00+00:00,4411.0,-1507,-1494,-1444
2025-01-14 09:38:00+00:00,4411.0,-1503,-1489,-1435
2025-01-14 09:39:00+00:00,4412.0,-1501,-1485,-1454
2025-01-14 09:40:00+00:00,4413.0,-1520,-1509,-1496
2025-01-14 09:41:00+00:00,4415.0,-1496,-1514,-1501
2025-01-14 09:42:00+00:00,4428.0,-1534,-1528,-1513
2025-01-14 09:43:00+00:00,4442.0,-1546,-1537,-1529
2025-01-14 09:44:00+00:00,4491.0,-1556,-1542,-1532
2025-01-14 09:45:00+00:00,4526.0,-1557,-1545,-1531
2025-01-14 09:46:00+00:00,4544.0,-1557,-1549,-1539
2025-01-14 09:47:00+00:00,4572.0,-1573,-1557,-1548
2025-01-14 09:48:00+00:00,4600.0,-1583,-1569,-1567
2025-01-14 09:49:00+00:00,4629.0,-1583,-1579,-1575
2025-01-14 09:50:00+00:00,4722.0,-1598,-1581,-1576
2025-01-14 09:51:00+00:00,4778.0,-1604,-1582,-1569
2025-01-14 09:52:00+00:00,4839.0,-1521,-1581,-1568
2025-01-14 09:53:00+00:00,4842.0,-1520,-1577,-1576
2025-01-14 09:54:00+00:00,4843.0,-1516,-1578,-1570
2025-01-14 09:55:00+00:00,4845.0,-1514,-1574,-1570
2025-01-14 09:56:00+00:00,4847.0,-1525,-1580,-1577
2025-01-14 09:57:00+00:00,4857.0,-1523,-1579,-1575
2025-01-14 09:58:00+00:00,4867.0,-1525,-1583,-1579
2025-01-14 09:59:00+00:00,4910.0,-1531,-1583,-1580
2025-01-14 10:00:00+00:00,4926.0,-1523,-1568,-1571
2025-01-14 10:01:00+00:00,4951.0,-1512,-1557,-1561
2025-01-14 10:02:00+00:00,4962.0,-1512,-1558,-1558
2025-01-14 10:03:00+00:00,4974.0,-1508,-1569,-1560
2025-01-14 10:04:00+00:00,4986.0,-1506,-1564,-1554
2025-01-14 10:05:00+00:00,5018.0,-1499,-1552,-1549
2025-01-14 10:06:00+00:00,5062.0,-1500,-1553,-1554
2025-01-14 10:07:00+00:00,5081.0,-1507,-1557,-1559
2025-01-14 10:08:00+00:00,5078.0,-1519,-1572,-1574
2025-01-14 10:09:00+00:00,5077.0,-1560,-1578,-1572
2025-01-14 10:10:00+00:00,5077.0,-1603,-1591,-1576
2025-01-14 10:11:00+00:00,5075.0,-1607,-1598,-1580
2025-01-14 10:12:00+00:00,5073.0,-1603,-1588,-1582
2025-01-14 10:13:00+00:00,5070.0,-1604,-1598,-1577
2025-01-14 10:14:00+00:00,5068.0,-1597,-1591,-1580
2025-01-14 10:15:00+00:00,5064.0,-1600,-1593,-1572
2025-01-14 10:16:00+00:00,5066.0,-1593,-1582,-1578
2025-01-14 10:17:00+00:00,5068.0,-1598,-1586,-1581
2025-01-14 10:18:00+00:00,5070.0,-1606,-1589,-1585
2025-01-14 10:19:00+00:00,5072.0,-1611,-1601,-1593
2025-01-14 10:20:00+00:00,5075.0,-1601,-1592,-1585
2025-01-14 10:21:00+00:00,5084.0,-1585,-1603,-1590
2025-01-14 10:22:00+00:00,5099.0,-1624,-1618,-1603
2025-01-14 10:23:00+00:00,5097.0,-1633,-1622,-1569
2025-01-14 10:24:00+00:00,5097.0,-1626,-1617,-1561
2025-01-14 10:25:00+00:00,5098.0,-1624,-1620,-1565
2025-01-14 10:26:00+00:00,5099.0,-1621,-1618,-1571
2025-01-14 10:27:00+00:00,5101.0,-1642,-1627,-1586
2025-01-14 10:28:00+00:00,5097.0,-1661,-1645,-1614
2025-01-14 10:29:00+00:00,5093.0,-1683,-1667,-1622
2025-01-14 10:30:00+00:00,5107.0,-1433,-1680,-1376
2025-01-14 10:31:00+00:00,5108.0,-1693,-1688,-1645
2025-01-14 10:32:00+00:00,5118.0,-1647,-1696,-1653
2025-01-14 10:33:00+00:00,5124.0,-1617,-1701,-1641
2025-01-14 10:34:00+00:00,5130.0,-1608,-1686,-1643
2025-01-14 10:35:00+00:00,5137.0,-1603,-1680,-1637
2025-01-14 10:36:00+00:00,5159.0,-1595,-1668,-1623
2025-01-14 10:37:00+00:00,5210.0,-1544,-1618,-1569
2025-01-14 10:38:00+00:00,5221.0,-1417,-1488,-1433
2025-01-14 10:39:00+00:00,5239.0,-955,-1030,-977
2025-01-14 10:40:00+00:00,5245.0,-836,-913,-859
2025-01-14 10:41:00+00:00,5251.0,-1264,-1336,-1284
2025-01-14 10:42:00+00:00,5257.0,-1587,-1656,-1612
2025-01-14 10:43:00+00:00,5263.0,-1612,-1675,-1625
2025-01-14 10:44:00+00:00,5218.0,-1595,-1657,-1603
2025-01-14 10:45:00+00:00,5179.0,-1584,-1637,-1593
2025-01-14 10:46:00+00:00,5177.0,-1631,-1684,-1646
2025-01-14 10:47:00+00:00,5176.0,-1631,-1696,-1643
2025-01-14 10:48:00+00:00,5161.0,-1613,-1681,-1632
2025-01-14 10:49:00+00:00,5147.0,-1582,-1677,-1632
2025-01-14 10:50:00+00:00,5132.0,-1628,-1667,-1632
2025-01-14 10:51:00+00:00,5118.0,-1256,-1256,-1242
2025-01-14 10:52:00+00:00,5042.0,-1177,-1183,-1170
2025-01-14 10:53:00+00:00,4979.0,-950,-953,-937
2025-01-14 10:54:00+00:00,4977.0,-1546,-1543,-1529
2025-01-14 10:55:00+00:00,4953.0,-1602,-1585,-1580
2025-01-14 10:56:00+00:00,4929.0,-1518,-1507,-1504
2025-01-14 10:57:00+00:00,4905.0,-818,-810,-805
2025-01-14 10:58:00+00:00,4881.0,-559,-568,-550
2025-01-14 10:59:00+00:00,4857.0,-1037,-1038,-1024
2025-01-14 11:00:00+00:00,4833.0,-611,-616,-600
2025-01-14 11:01:00+00:00,4791.0,-404,-409,-392
2025-01-14 11:02:00+00:00,4765.0,-416,-424,-401
2025-01-14 11:03:00+00:00,4712.0,-446,-445,-429
2025-01-14 11:04:00+00:00,4659.0,-460,-456,-444
2025-01-14 11:05:00+00:00,4606.0,-478,-477,-466
2025-01-14 11:06:00+00:00,4554.0,-564,-571,-552
2025-01-14 11:07:00+00:00,4066.0,-764,-767,-749
2025-01-14 11:08:00+00:00,3571.0,-958,-958,-941
2025-01-14 11:09:00+00:00,3574.0,-1082,-1079,-1065
2025-01-14 11:10:00+00:00,3578.0,-1202,-1201,-1182
2025-01-14 11:11:00+00:00,3580.0,-1202,-1186,-1183
2025-01-14 11:12:00+00:00,3582.0,-976,-966,-997
2025-01-14 11:13:00+00:00,3584.0,-921,-914,-951
2025-01-14 11:14:00+00:00,3589.0,-1138,-1216,-1252
2025-01-14 11:15:00+00:00,3107.0,-1410,-1603,-1637
2025-01-14 11:16:00+00:00,3008.0,-1624,-1803,-1841
2025-01-14 11:17:00+00:00,2930.0,-1631,-1806,-1840
2025-01-14 11:18:00+00:00,2947.0,-1612,-1784,-1824
2025-01-14 11:19:00+00:00,2964.0,-1595,-1764,-1803
2025-01-14 11:20:00+00:00,2981.0,-1598,-1762,-1809
2025-01-14 11:21:00+00:00,2999.0,-1593,-1760,-1799
2025-01-14 11:22:00+00:00,3294.0,-1593,-1757,-1789
2025-01-14 11:23:00+00:00,3777.0,-1595,-1750,-1792
2025-01-14 11:24:00+00:00,3809.0,-1603,-1744,-1790
2025-01-14 11:25:00+00:00,3867.0,-1597,-1747,-1789
2025-01-14 11:26:00+00:00,3881.0,-1599,-1759,-1790
2025-01-14 11:27:00+00:00,3888.0,-1604,-1768,-1807
2025-01-14 11:28:00+00:00,3895.0,-1609,-1760,-1814
2025-01-14 11:29:00+00:00,3903.0,-1563,-1744,-1805
2025-01-14 11:30:00+00:00,4130.0,-1587,-1743,-1792
2025-01-14 11:31:00+00:00,4773.0,-1605,-1730,-1772
2025-01-14 11:32:00+00:00,4990.0,-1628,-1714,-1760
2025-01-14 11:33:00+00:00,5023.0,-1622,-1715,-1755
2025-01-14 11:34:00+00:00,5057.0,-1583,-1683,-1675
2025-01-14 11:35:00+00:00,5090.0,-1498,-1595,-1592
2025-01-14 11:36:00+00:00,5124.0,-1484,-1579,-1575
2025-01-14 11:37:00+00:00,5158.0,-1510,-1612,-1609
2025-01-14 11:38:00+00:00,5418.0,-1507,-1606,-1580
2025-01-14 11:39:00+00:00,5570.0,-1479,-1578,-1531
2025-01-14 11:40:00+00:00,5550.0,-1465,-1564,-1513
2025-01-14 11:41:00+00:00,5546.0,-1366,-1455,-1391
2025-01-14 11:42:00+00:00,5543.0,-1366,-1461,-1411
2025-01-14 11:43:00+00:00,5540.0,-1425,-1513,-1468
2025-01-14 11:44:00+00:00,5538.0,-1349,-1440,-1395
2025-01-14 11:45:00+00:00,5448.0,-788,-900,-841
2025-01-14 11:46:00+00:00,5359.0,-880,-985,-942
2025-01-14 11:47:00+00:00,5290.0,-913,-1024,-967
2025-01-14 11:48:00+00:00,5275.0,-1429,-1532,-1477
2025-01-14 11:49:00+00:00,5260.0,-1543,-1635,-1584
2025-01-14 11:50:00+00:00,5246.0,-1042,-1147,-1092
2025-01-14 11:51:00+00:00,5231.0,-632,-742,-685
2025-01-14 11:52:00+00:00,5217.0,-642,-762,-701
2025-01-14 11:53:00+00:00,4933.0,-1156,-1257,-1202
2025-01-14 11:54:00+00:00,4576.0,-1439,-1620,-1559
2025-01-14 11:55:00+00:00,4569.0,-1431,-1623,-1569
2025-01-14 11:56:00+00:00,4556.0,-1408,-1598,-1540
2025-01-14 11:57:00+00:00,4555.0,-1423,-1613,-1550
2025-01-14 11:58:00+00:00,4554.0,-1451,-1626,-1566
2025-01-14 11:59:00+00:00,4554.0,-1447,-1620,-1554
2025-01-14 12:00:00+00:00,4553.0,-1417,-1584,-1526
2025-01-14 12:01:00+00:00,4507.0,-1396,-1570,-1542
2025-01-14 12:02:00+00:00,4399.0,-1383,-1552,-1532
2025-01-14 12:03:00+00:00,4391.0,-1375,-1551,-1529
2025-01-14 12:04:00+00:00,4394.0,-1378,-1547,-1531
2025-01-14 12:05:00+00:00,4398.0,-1387,-1563,-1540
2025-01-14 12:06:00+00:00,4402.0,-1396,-1570,-1552
2025-01-14 12:07:00+00:00,4406.0,-1390,-1565,-1549
2025-01-14 12:08:00+00:00,4491.0,-1393,-1563,-1550
2025-01-14 12:09:00+00:00,4679.0,-1404,-1573,-1560
2025-01-14 12:10:00+00:00,4835.0,-1408,-1582,-1568
2025-01-14 12:11:00+00:00,4848.0,-1425,-1570,-1551
2025-01-14 12:12:00+00:00,4844.0,-1448,-1551,-1534
2025-01-14 12:13:00+00:00,4844.0,-1434,-1540,-1525
2025-01-14 12:14:00+00:00,4845.0,-1407,-1502,-1494
2025-01-14 12:15:00+00:00,4846.0,-1391,-1498,-1483
2025-01-14 12:16:00+00:00,4920.0,-1397,-1505,-1488
2025-01-14 12:17:00+00:00,4995.0,-1402,-1515,-1496
2025-01-14 12:18:00+00:00,5027.0,-1416,-1524,-1506
2025-01-14 12:19:00+00:00,5027.0,-1425,-1537,-1515
2025-01-14 12:20:00+00:00,5028.0,-1427,-1542,-1518
2025-01-14 12:21:00+00:00,5028.0,-1415,-1532,-1508
2025-01-14 12:22:00+00:00,5029.0,-1406,-1516,-1498
2025-01-14 12:23:00+00:00,5032.0,-1396,-1518,-1491
2025-01-14 12:24:00+00:00,4993.0,-1385,-1501,-1483
2025-01-14 12:25:00+00:00,4946.0,-1370,-1483,-1467
2025-01-14 12:26:00+00:00,4948.0,-1348,-1472,-1455
2025-01-14 12:27:00+00:00,4950.0,-1336,-1453,-1441
2025-01-14 12:28:00+00:00,4946.0,-1328,-1452,-1432
2025-01-14 12:29:00+00:00,4942.0,-1322,-1450,-1430
2025-01-14 12:30:00+00:00,4938.0,-1311,-1440,-1423
2025-01-14 12:31:00+00:00,4934.0,-1272,-1439,-1425
2025-01-14 12:32:00+00:00,4931.0,-1318,-1442,-1432
2025-01-14 12:33:00+00:00,4864.0,-1312,-1435,-1425
2025-01-14 12:34:00+00:00,4860.0,-1296,-1408,-1412
2025-01-14 12:35:00+00:00,4857.0,-1197,-1389,-1391
2025-01-14 12:36:00+00:00,4855.0,-1161,-1361,-1364
2025-01-14 12:37:00+00:00,4853.0,-1147,-1353,-1347
2025-01-14 12:38:00+00:00,4846.0,-1133,-1333,-1334
2025-01-14 12:39:00+00:00,4799.0,-1116,-1309,-1316
2025-01-14 12:40:00+00:00,4710.0,-1084,-1276,-1285
2025-01-14 12:41:00+00:00,4649.0,-1093,-1291,-1293
2025-01-14 12:42:00+00:00,4654.0,-1056,-1261,-1261
2025-01-14 12:43:00+00:00,4611.0,-840,-1045,-1037
2025-01-14 12:44:00+00:00,4569.0,-607,-802,-792
2025-01-14 12:45:00+00:00,4526.0,-688,-776,-740
2025-01-14 12:46:00+00:00,4484.0,-1123,-1210,-1174
2025-01-14 12:47:00+00:00,4441.0,-1196,-1290,-1257
2025-01-14 12:48:00+00:00,4399.0,-1191,-1290,-1245
2025-01-14 12:49:00+00:00,4357.0,-1190,-1282,-1248
2025-01-14 12:50:00+00:00,4364.0,-1231,-1329,-1289
2025-01-14 12:51:00+00:00,4355.0,-1243,-1337,-1299
2025-01-14 12:52:00+00:00,4346.0,-1287,-1343,-1306
2025-01-14 12:53:00+00:00,4328.0,-1331,-1348,-1318
2025-01-14 12:54:00+00:00,4316.0,-1334,-1352,-1321
2025-01-14 12:55:00+00:00,4172.0,-1334,-1350,-1320
2025-01-14 12:56:00+00:00,4032.0,-1289,-1313,-1270
2025-01-14 12:57:00+00:00,4033.0,-1229,-1251,-1211
2025-01-14 12:58:00+00:00,4032.0,-1053,-1063,-1021
2025-01-14 12:59:00+00:00,4033.0,-896,-910,-870
2025-01-14 13:00:00+00:00,4036.0,-912,-930,-883
2025-01-14 13:01:00+00:00,4031.0,-904,-917,-875
2025-01-14 13:02:00+00:00,4027.0,-1094,-1115,-1072
2025-01-14 13:03:00+00:00,4023.0,-1099,-1124,-1082
2025-01-14 13:04:00+00:00,3986.0,-1084,-1132,-1088
2025-01-14 13:05:00+00:00,3987.0,-1069,-1142,-1092
2025-01-14 13:06:00+00:00,3985.0,-1053,-1145,-1061
2025-01-14 13:07:00+00:00,3984.0,-1062,-1148,-1043
2025-01-14 13:08:00+00:00,3981.0,-1061,-1105,-1027
2025-01-14 13:09:00+00:00,3978.0,-1036,-1029,-1002
2025-01-14 13:10:00+00:00,3957.0,-962,-946,-931
2025-01-14 13:11:00+00:00,3904.0,-881,-884,-848
2025-01-14 13:12:00+00:00,3811.0,-817,-820,-768
2025-01-14 13:13:00+00:00,3767.0,-755,-722,-676
2025-01-14 13:14:00+00:00,3761.0,-678,-637,-612
2025-01-14 13:15:00+00:00,3756.0,-562,-563,-578
2025-01-14 13:16:00+00:00,3747.0,-476,-527,-535
2025-01-14 13:17:00+00:00,3739.0,-425,-480,-470
2025-01-14 13:18:00+00:00,3730.0,-348,-415,-388
2025-01-14 13:19:00+00:00,3722.0,-209,-314,-283
2025-01-14 13:20:00+00:00,3230.0,-51,-140,-168
2025-01-14 13:21:00+00:00,3201.0,13,-60,-89
2025-01-14 13:22:00+00:00,3172.0,17,-58,-86
2025-01-14 13:23:00+00:00,3156.0,19,-53,-84
2025-01-14 13:24:00+00:00,3139.0,22,-52,-79
2025-01-14 13:25:00+00:00,3092.0,22,-46,-77
2025-01-14 13:26:00+00:00,2672.0,20,-44,-76
2025-01-14 13:27:00+00:00,2470.0,31,-47,-74
2025-01-14 13:28:00+00:00,2094.0,26,-37,-72
2025-01-14 13:29:00+00:00,2043.0,27,-39,-70
2025-01-14 13:30:00+00:00,2033.0,30,-31,-69
2025-01-14 13:31:00+00:00,2024.0,32,-33,-68
2025-01-14 13:32:00+00:00,1951.0,33,-36,-65
2025-01-14 13:33:00+00:00,1878.0,34,-34,-61
2025-01-14 13:34:00+00:00,1805.0,-35,-25,-62
2025-01-14 13:35:00+00:00,1272.0,-37,-29,-60
2025-01-14 13:36:00+00:00,1256.0,-43,-28,-57
2025-01-14 13:37:00+00:00,1196.0,-38,-24,-56
2025-01-14 13:38:00+00:00,1122.0,-43,-32,-56
2025-01-14 13:39:00+00:00,1068.0,-28,-23,-52
2025-01-14 13:40:00+00:00,1035.0,-26,-18,-49
2025-01-14 13:41:00+00:00,928.0,-27,-15,-46
2025-01-14 13:42:00+00:00,832.0,-19,-12,-46
2025-01-14 13:43:00+00:00,552.0,8,-19,-50
2025-01-14 13:44:00+00:00,538.0,-18,-21,-42
2025-01-14 13:45:00+00:00,524.0,-21,-11,-42
2025-01-14 13:46:00+00:00,520.0,-18,-7,-41
2025-01-14 13:47:00+00:00,517.0,-13,-1,4
2025-01-14 13:48:00+00:00,514.0,-13,-2,2
2025-01-14 13:49:00+00:00,511.0,-19,3,21
2025-01-14 13:50:00+00:00,509.0,-13,9,16
2025-01-14 13:51:00+00:00,472.0,-6,4,15
2025-01-14 13:52:00+00:00,468.0,3,2,21
2025-01-14 13:53:00+00:00,464.0,-1,10,18
2025-01-14 13:54:00+00:00,462.0,-1,11,25
2025-01-14 13:55:00+00:00,459.0,-7,3,21
2025-01-14 13:56:00+00:00,456.0,7,13,28
2025-01-14 13:57:00+00:00,447.0,96,18,76
2025-01-14 13:58:00+00:00,435.0,98,19,78
2025-01-14 13:59:00+00:00,408.0,98,14,79
2025-01-14 14:00:00+00:00,397.0,100,24,74
2025-01-14 14:01:00+00:00,395.0,100,17,72
2025-01-14 14:02:00+00:00,394.0,97,26,81
2025-01-14 14:03:00+00:00,393.0,99,24,85
2025-01-14 14:04:00+00:00,392.0,99,16,74
2025-01-14 14:05:00+00:00,391.0,98,23,84
2025-01-14 14:06:00+00:00,357.0,102,25,93
2025-01-14 14:07:00+00:00,351.0,93,32,88
2025-01-14 14:08:00+00:00,343.0,101,33,87
2025-01-14 14:09:00+00:00,336.0,100,32,81
2025-01-14 14:10:00+00:00,333.0,104,34,97
2025-01-14 14:11:00+00:00,330.0,108,35,95
2025-01-14 14:12:00+00:00,326.0,101,37,90
2025-01-14 14:13:00+00:00,314.0,99,31,94
2025-01-14 14:14:00+00:00,292.0,66,39,91
2025-01-14 14:15:00+00:00,286.0,39,42,93
2025-01-14 14:16:00+00:00,278.0,33,39,102
2025-01-14 14:17:00+00:00,275.0,32,42,105
2025-01-14 14:18:00+00:00,273.0,40,38,105
2025-01-14 14:19:00+00:00,272.0,36,35,101
2025-01-14 14:20:00+00:00,271.0,36,48,105
2025-01-14 14:21:00+00:00,270.0,35,42,101
2025-01-14 14:22:00+00:00,249.0,44,50,100
2025-01-14 14:23:00+00:00,246.0,44,48,61
2025-01-14 14:24:00+00:00,241.0,39,53,66
2025-01-14 14:25:00+00:00,240.0,36,49,64
2025-01-14 14:26:00+00:00,240.0,47,53,75
2025-01-14 14:27:00+00:00,237.0,44,41,72
2025-01-14 14:28:00+00:00,232.0,45,47,65
2025-01-14 14:29:00+00:00,223.0,71,57,76
2025-01-14 14:30:00+00:00,209.0,53,65,81
2025-01-14 14:31:00+00:00,201.0,44,50,77
2025-01-14 14:32:00+00:00,199.0,53,48,72
2025-01-14 14:33:00+00:00,198.0,49,62,64
2025-01-14 14:34:00+00:00,198.0,42,54,73
2025-01-14 14:35:00+00:00,197.0,48,60,78
2025-01-14 14:36:00+00:00,197.0,59,60,78
2025-01-14 14:37:00+00:00,179.0,136,60,75
2025-01-14 14:38:00+00:00,177.0,144,57,76
2025-01-14 14:39:00+00:00,174.0,141,67,77
2025-01-14 14:40:00+00:00,173.0,140,58,80
2025-01-14 14:41:00+00:00,172.0,135,57,84
2025-01-14 14:42:00+00:00,171.0,141,63,78
2025-01-14 14:43:00+00:00,170.0,144,65,82
2025-01-14 14:44:00+00:00,166.0,137,65,84
2025-01-14 14:45:00+00:00,160.0,136,71,84
2025-01-14 14:46:00+00:00,149.0,138,72,85
2025-01-14 14:47:00+00:00,145.0,139,71,84
2025-01-14 14:48:00+00:00,144.0,141,75,87
2025-01-14 14:49:00+00:00,140.0,139,67,90
2025-01-14 14:50:00+00:00,137.0,148,75,85
2025-01-14 14:51:00+00:00,134.0,137,76,87
2025-01-14 14:52:00+00:00,131.0,141,76,92
2025-01-14 14:53:00+00:00,128.0,144,69,94
2025-01-14 14:54:00+00:00,125.0,150,75,92
2025-01-14 14:55:00+00:00,123.0,70,77,92
2025-01-14 14:56:00+00:00,122.0,71,78,98
2025-01-14 14:57:00+00:00,122.0,78,83,97
2025-01-14 14:58:00+00:00,121.0,80,83,103
2025-01-14 14:59:00+00:00,118.0,81,76,103
2025-01-14 15:00:00+00:00,115.0,80,91,106
2025-01-14 15:01:00+00:00,105.0,80,90,112
2025-01-14 15:02:00+00:00,103.0,75,85,111
2025-01-14 15:03:00+00:00,100.0,80,91,108
2025-01-14 15:04:00+00:00,98.0,76,89,104
2025-01-14 15:05:00+00:00,97.0,86,82,106
2025-01-14 15:06:00+00:00,97.0,83,90,107
2025-01-14 15:07:00+00:00,97.0,83,91,115
2025-01-14 15:08:00+00:00,94.0,83,89,123
2025-01-14 15:09:00+00:00,79.0,84,88,148
2025-01-14 15:10:00+00:00,77.0,86,99,149
2025-01-14 15:11:00+00:00,74.0,85,98,149
2025-01-14 15:12:00+00:00,72.0,91,88,150
2025-01-14 15:13:00+00:00,70.0,89,94,151
2025-01-14 15:14:00+00:00,67.0,83,83,153
2025-01-14 15:15:00+00:00,64.0,79,95,155
2025-01-14 15:16:00+00:00,59.0,89,99,152
2025-01-14 15:17:00+00:00,54.0,87,101,150
2025-01-14 15:18:00+00:00,52.0,864,99,154
2025-01-14 15:19:00+00:00,51.0,180,95,157
2025-01-14 15:20:00+00:00,50.0,179,105,99
2025-01-14 15:21:00+00:00,49.0,169,100,109
2025-01-14 15:22:00+00:00,48.0,176,104,106
2025-01-14 15:23:00+00:00,47.0,169,99,110
2025-01-14 15:24:00+00:00,42.0,174,99,110
2025-01-14 15:25:00+00:00,40.0,174,102,108
2025-01-14 15:26:00+00:00,37.0,167,103,108
2025-01-14 15:27:00+00:00,36.0,173,95,110
2025-01-14 15:28:00+00:00,35.0,168,101,112
2025-01-14 15:29:00+00:00,34.0,172,103,110
2025-01-14 15:30:00+00:00,33.0,173,102,113
2025-01-14 15:31:00+00:00,32.0,172,105,111
2025-01-14 15:32:00+00:00,30.0,164,106,115
2025-01-14 15:33:00+00:00,25.0,176,101,115
2025-01-14 15:34:00+00:00,23.0,173,105,116
2025-01-14 15:35:00+00:00,22.0,174,110,73
2025-01-14 15:36:00+00:00,21.0,101,106,81
2025-01-14 15:37:00+00:00,20.0,102,108,79
2025-01-14 15:38:00+00:00,19.0,103,111,80
2025-01-14 15:39:00+00:00,19.0,104,109,80
2025-01-14 15:40:00+00:00,18.0,103,106,83
2025-01-14 15:41:00+00:00,15.0,103,110,82
2025-01-14 15:42:00+00:00,14.0,105,111,83
2025-01-14 15:43:00+00:00,14.0,106,120,84
2025-01-14 15:44:00+00:00,13.0,103,113,83
2025-01-14 15:45:00+00:00,12.0,109,114,84
2025-01-14 15:46:00+00:00,12.0,105,113,83
2025-01-14 15:47:00+00:00,8.0,109,114,129
2025-01-14 15:48:00+00:00,7.0,110,113,126
2025-01-14 15:49:00+00:00,6.0,104,109,133
2025-01-14 15:50:00+00:00,6.0,110,111,134
2025-01-14 15:51:00+00:00,5.0,112,114,132
2025-01-14 15:52:00+00:00,5.0,113,118,135
2025-01-14 15:53:00+00:00,5.0,113,120,136
2025-01-14 15:54:00+00:00,5.0,111,121,134
2025-01-14 15:55:00+00:00,4.0,114,116,137
2025-01-14 15:56:00+00:00,4.0,114,115,133
2025-01-14 15:57:00+00:00,2.0,112,126,137
2025-01-14 15:58:00+00:00,1.0,156,122,136
2025-01-14 15:59:00+00:00,1.0,201,118,138
2025-01-14 16:00:00+00:00,0.0,205,120,140
2025-01-14 16:01:00+00:00,0.0,195,121,141
2025-01-14 16:02:00+00:00,0.0,202,129,139
2025-01-14 16:03:00+00:00,0.0,200,129,141
2025-01-14 16:04:00+00:00,0.0,198,116,140
2025-01-14 16:05:00+00:00,0.0,199,124,140
2025-01-14 16:06:00+00:00,0.0,195,121,140
2025-01-14 16:07:00+00:00,0.0,197,117,138
2025-01-14 16:08:00+00:00,0.0,196,122,142
2025-01-14 16:09:00+00:00,0.0,195,122,144
2025-01-14 16:10:00+00:00,0.0,196,192,143
2025-01-14 16:11:00+00:00,0.0,196,176,143
2025-01-14 16:12:00+00:00,0.0,196,140,143
2025-01-14 16:13:00+00:00,0.0,191,157,162
2025-01-14 16:14:00+00:00,0.0,197,150,171
2025-01-14 16:15:00+00:00,0.0,196,128,171
2025-01-14 16:16:00+00:00,0.0,159,128,171
2025-01-14 16:17:00+00:00,0.0,122,125,160
2025-01-14 16:18:00+00:00,0.0,184,125,171
2025-01-14 16:19:00+00:00,0.0,129,124,150
2025-01-14 16:20:00+00:00,0.0,141,123,145
2025-01-14 16:21:00+00:00,0.0,156,123,165
2025-01-14 16:22:00+00:00,0.0,145,128,185
2025-01-14 16:23:00+00:00,0.0,144,134,185
2025-01-14 16:24:00+00:00,0.0,144,129,185
2025-01-14 16:25:00+00:00,0.0,146,125,185
2025-01-14 16:26:00+00:00,0.0,145,125,186
2025-01-14 16:27:00+00:00,0.0,144,130,186
2025-01-14 16:28:00+00:00,0.0,143,148,185
2025-01-14 16:29:00+00:00,0.0,143,166,185
2025-01-14 16:30:00+00:00,0.0,138,166,185
2025-01-14 16:31:00+00:00,0.0,139,166,185
2025-01-14 16:32:00+00:00,0.0,2434,166,184
2025-01-14 16:33:00+00:00,0.0,2405,136,183
2025-01-14 16:34:00+00:00,0.0,2426,119,182
2025-01-14 16:35:00+00:00,0.0,2418,124,183
2025-01-14 16:36:00+00:00,0.0,2403,125,182
2025-01-14 16:37:00+00:00,0.0,2390,131,182
2025-01-14 16:38:00+00:00,0.0,2376,137,183
2025-01-14 16:39:00+00:00,0.0,2537,144,247
2025-01-14 16:40:00+00:00,0.0,2445,137,183
2025-01-14 16:41:00+00:00,0.0,1343,135,184
2025-01-14 16:42:00+00:00,0.0,296,136,309
2025-01-14 16:43:00+00:00,0.0,278,137,184
2025-01-14 16:44:00+00:00,0.0,300,138,183
2025-01-14 16:45:00+00:00,0.0,305,144,183
2025-01-14 16:46:00+00:00,0.0,281,144,184
2025-01-14 16:47:00+00:00,0.0,290,136,144
2025-01-14 16:48:00+00:00,0.0,303,140,144
2025-01-14 16:49:00+00:00,0.0,266,142,145
2025-01-14 16:50:00+00:00,0.0,295,142,145
2025-01-14 16:51:00+00:00,0.0,287,137,145
2025-01-14 16:52:00+00:00,0.0,278,144,145
2025-01-14 16:53:00+00:00,0.0,301,139,145
2025-01-14 16:54:00+00:00,0.0,301,144,145
2025-01-14 16:55:00+00:00,0.0,283,140,145
2025-01-14 16:56:00+00:00,0.0,287,137,144
2025-01-14 16:57:00+00:00,0.0,210,139,143
2025-01-14 16:58:00+00:00,0.0,213,139,144
2025-01-14 16:59:00+00:00,0.0,227,139,144
2025-01-14 17:00:00+00:00,0.0,211,167,143
2025-01-14 17:01:00+00:00,0.0,208,169,156
2025-01-14 17:02:00+00:00,0.0,255,165,168
2025-01-14 17:03:00+00:00,0.0,262,153,157
2025-01-14 17:04:00+00:00,0.0,257,149,157
2025-01-14 17:05:00+00:00,0.0,187,132,180
2025-01-14 17:06:00+00:00,0.0,166,124,184
2025-01-14 17:07:00+00:00,0.0,172,204,200
2025-01-14 17:08:00+00:00,0.0,185,288,189
2025-01-14 17:09:00+00:00,0.0,152,281,189
2025-01-14 17:10:00+00:00,0.0,165,296,188
2025-01-14 17:11:00+00:00,0.0,185,211,188
2025-01-14 17:12:00+00:00,0.0,153,271,193
2025-01-14 17:13:00+00:00,0.0,172,295,193
2025-01-14 17:14:00+00:00,0.0,177,285,193
2025-01-14 17:15:00+00:00,0.0,153,296,186
2025-01-14 17:16:00+00:00,0.0,164,290,187
2025-01-14 17:17:00+00:00,0.0,178,293,140
2025-01-14 17:18:00+00:00,0.0,174,289,149
2025-01-14 17:19:00+00:00,0.0,261,290,139
2025-01-14 17:20:00+00:00,0.0,310,288,144
2025-01-14 17:21:00+00:00,0.0,284,287,148
2025-01-14 17:22:00+00:00,0.0,293,282,138
2025-01-14 17:23:00+00:00,0.0,3194,284,147
2025-01-14 17:24:00+00:00,0.0,3194,288,145
2025-01-14 17:25:00+00:00,0.0,885,288,146
2025-01-14 17:26:00+00:00,0.0,809,278,135
2025-01-14 17:27:00+00:00,0.0,484,282,135
2025-01-14 17:28:00+00:00,0.0,873,278,136
2025-01-14 17:29:00+00:00,0.0,876,294,135
2025-01-14 17:30:00+00:00,0.0,871,300,176
2025-01-14 17:31:00+00:00,0.0,886,300,175
2025-01-14 17:32:00+00:00,0.0,699,306,189
2025-01-14 17:33:00+00:00,0.0,828,306,229
2025-01-14 17:34:00+00:00,0.0,831,302,231
2025-01-14 17:35:00+00:00,0.0,875,304,255
2025-01-14 17:36:00+00:00,0.0,839,325,230
2025-01-14 17:37:00+00:00,0.0,779,317,224
2025-01-14 17:38:00+00:00,0.0,427,122,223
2025-01-14 17:39:00+00:00,0.0,760,125,231
2025-01-14 17:40:00+00:00,0.0,389,128,241
2025-01-14 17:41:00+00:00,0.0,404,134,307
2025-01-14 17:42:00+00:00,0.0,737,133,238
2025-01-14 17:43:00+00:00,0.0,748,128,240
2025-01-14 17:44:00+00:00,0.0,230,1423,260
2025-01-14 17:45:00+00:00,0.0,169,1711,304
2025-01-14 17:46:00+00:00,0.0,194,644,328
2025-01-14 17:47:00+00:00,0.0,231,682,326
2025-01-14 17:48:00+00:00,0.0,219,707,329
2025-01-14 17:49:00+00:00,0.0,183,703,332
2025-01-14 17:50:00+00:00,0.0,237,700,332
2025-01-14 17:51:00+00:00,0.0,196,746,365
2025-01-14 17:52:00+00:00,0.0,193,748,393
2025-01-14 17:53:00+00:00,0.0,195,691,399
2025-01-14 17:54:00+00:00,0.0,175,644,379
2025-01-14 17:55:00+00:00,0.0,192,736,269
2025-01-14 17:56:00+00:00,0.0,243,2869,272
2025-01-14 17:57:00+00:00,0.0,172,765,258
2025-01-14 17:58:00+00:00,0.0,167,769,249
2025-01-14 17:59:00+00:00,0.0,183,756,253
2025-01-14 18:00:00+00:00,0.0,242,759,252
2025-01-14 18:01:00+00:00,0.0,324,737,250
2025-01-14 18:02:00+00:00,0.0,384,747,251
2025-01-14 18:03:00+00:00,0.0,417,736,284
2025-01-14 18:04:00+00:00,0.0,406,726,306
2025-01-14 18:05:00+00:00,0.0,397,725,396
2025-01-14 18:06:00+00:00,0.0,387,696,391
2025-01-14 18:07:00+00:00,0.0,402,661,335
2025-01-14 18:08:00+00:00,0.0,388,674,334
2025-01-14 18:09:00+00:00,0.0,398,676,327
2025-01-14 18:10:00+00:00,0.0,294,685,334
2025-01-14 18:11:00+00:00,0.0,301,666,325
2025-01-14 18:12:00+00:00,0.0,310,668,313
2025-01-14 18:13:00+00:00,0.0,289,676,308
2025-01-14 18:14:00+00:00,0.0,308,674,322
2025-01-14 18:15:00+00:00,0.0,416,665,361
2025-01-14 18:16:00+00:00,0.0,410,665,339
2025-01-14 18:17:00+00:00,0.0,414,664,348
2025-01-14 18:18:00+00:00,0.0,336,665,356
2025-01-14 18:19:00+00:00,0.0,303,659,367
2025-01-14 18:20:00+00:00,0.0,312,652,363
2025-01-14 18:21:00+00:00,0.0,1657,619,369
2025-01-14 18:22:00+00:00,0.0,1007,611,361
2025-01-14 18:23:00+00:00,0.0,304,595,366
2025-01-14 18:24:00+00:00,0.0,270,611,380
2025-01-14 18:25:00+00:00,0.0,276,503,332
2025-01-14 18:26:00+00:00,0.0,277,621,328
2025-01-14 18:27:00+00:00,0.0,297,493,291
2025-01-14 18:28:00+00:00,0.0,266,616,272
2025-01-14 18:29:00+00:00,0.0,265,613,273
2025-01-14 18:30:00+00:00,0.0,268,620,266
2025-01-14 18:31:00+00:00,0.0,2507,612,272
2025-01-14 18:32:00+00:00,0.0,2542,618,263
2025-01-14 18:33:00+00:00,0.0,2488,616,281
2025-01-14 18:34:00+00:00,0.0,2475,478,280
2025-01-14 18:35:00+00:00,0.0,2462,618,259
2025-01-14 18:36:00+00:00,0.0,2464,613,260
2025-01-14 18:37:00+00:00,0.0,2466,610,258
2025-01-14 18:38:00+00:00,0.0,2440,607,257
2025-01-14 18:39:00+00:00,0.0,2449,583,257
2025-01-14 18:40:00+00:00,0.0,2487,599,269
2025-01-14 18:41:00+00:00,0.0,2521,606,308
2025-01-14 18:42:00+00:00,0.0,2510,434,299
2025-01-14 18:43:00+00:00,0.0,336,618,313
2025-01-14 18:44:00+00:00,0.0,349,532,350
2025-01-14 18:45:00+00:00,0.0,331,607,352
2025-01-14 18:46:00+00:00,0.0,333,492,347
2025-01-14 18:47:00+00:00,0.0,334,130,348
2025-01-14 18:48:00+00:00,0.0,335,128,328
2025-01-14 18:49:00+00:00,0.0,333,127,330
2025-01-14 18:50:00+00:00,0.0,329,128,330
2025-01-14 18:51:00+00:00,0.0,330,133,325
2025-01-14 18:52:00+00:00,0.0,327,129,324
2025-01-14 18:53:00+00:00,0.0,327,134,323
2025-01-14 18:54:00+00:00,0.0,324,123,337
2025-01-14 18:55:00+00:00,0.0,365,124,325
2025-01-14 18:56:00+00:00,0.0,367,124,342
2025-01-14 18:57:00+00:00,0.0,389,125,341
2025-01-14 18:58:00+00:00,0.0,2017,127,363
2025-01-14 18:59:00+00:00,0.0,319,129,365
2025-01-14 19:00:00+00:00,0.0,290,127,295
2025-01-14 19:01:00+00:00,0.0,290,139,231
2025-01-14 19:02:00+00:00,0.0,311,135,234
2025-01-14 19:03:00+00:00,0.0,290,141,235
2025-01-14 19:04:00+00:00,0.0,284,146,239
2025-01-14 19:05:00+00:00,0.0,287,133,289
2025-01-14 19:06:00+00:00,0.0,289,132,254
2025-01-14 19:07:00+00:00,0.0,286,135,232
2025-01-14 19:08:00+00:00,0.0,294,143,233
2025-01-14 19:09:00+00:00,0.0,290,137,216
2025-01-14 19:10:00+00:00,0.0,289,141,240
2025-01-14 19:11:00+00:00,0.0,386,147,266
2025-01-14 19:12:00+00:00,0.0,391,428,238
2025-01-14 19:13:00+00:00,0.0,352,282,224
2025-01-14 19:14:00+00:00,0.0,350,296,202
2025-01-14 19:15:00+00:00,0.0,346,290,181
2025-01-14 19:16:00+00:00,0.0,348,290,181
2025-01-14 19:17:00+00:00,0.0,344,290,200
2025-01-14 19:18:00+00:00,0.0,343,283,212
2025-01-14 19:19:00+00:00,0.0,344,298,186
2025-01-14 19:20:00+00:00,0.0,341,306,181
2025-01-14 19:21:00+00:00,0.0,343,300,181
2025-01-14 19:22:00+00:00,0.0,342,293,180
2025-01-14 19:23:00+00:00,0.0,333,305,180
2025-01-14 19:24:00+00:00,0.0,321,308,180
2025-01-14 19:25:00+00:00,0.0,321,308,138
2025-01-14 19:26:00+00:00,0.0,322,309,97
2025-01-14 19:27:00+00:00,0.0,321,306,98
2025-01-14 19:28:00+00:00,0.0,318,302,98
2025-01-14 19:29:00+00:00,0.0,248,293,97
2025-01-14 19:30:00+00:00,0.0,246,295,98
2025-01-14 19:31:00+00:00,0.0,247,274,98
2025-01-14 19:32:00+00:00,0.0,251,294,98
2025-01-14 19:33:00+00:00,0.0,259,278,98
2025-01-14 19:34:00+00:00,0.0,247,282,97
2025-01-14 19:35:00+00:00,0.0,249,286,120
2025-01-14 19:36:00+00:00,0.0,249,277,97
2025-01-14 19:37:00+00:00,0.0,249,289,108
2025-01-14 19:38:00+00:00,0.0,247,284,347
2025-01-14 19:39:00+00:00,0.0,246,291,301
2025-01-14 19:40:00+00:00,0.0,249,284,301
2025-01-14 19:41:00+00:00,0.0,249,285,301
2025-01-14 19:42:00+00:00,0.0,249,281,301
2025-01-14 19:43:00+00:00,0.0,249,297,301
2025-01-14 19:44:00+00:00,0.0,249,299,300
2025-01-14 19:45:00+00:00,0.0,147,297,299
2025-01-14 19:46:00+00:00,0.0,138,295,301
2025-01-14 19:47:00+00:00,0.0,138,284,303
2025-01-14 19:48:00+00:00,0.0,139,287,302
2025-01-14 19:49:00+00:00,0.0,138,293,302
2025-01-14 19:50:00+00:00,0.0,137,287,302
2025-01-14 19:51:00+00:00,0.0,178,283,302
2025-01-14 19:52:00+00:00,0.0,222,280,302
2025-01-14 19:53:00+00:00,0.0,227,292,384
2025-01-14 19:54:00+00:00,0.0,224,287,384
2025-01-14 19:55:00+00:00,0.0,221,281,386
2025-01-14 19:56:00+00:00,0.0,215,292,420
2025-01-14 19:57:00+00:00,0.0,219,275,426
2025-01-14 19:58:00+00:00,0.0,221,289,419
2025-01-14 19:59:00+00:00,0.0,216,294,418
2025-01-14 20:00:00+00:00,0.0,214,295,418
2025-01-14 20:01:00+00:00,0.0,213,290,419
2025-01-14 20:02:00+00:00,0.0,214,292,421
2025-01-14 20:03:00+00:00,0.0,213,287,419
2025-01-14 20:04:00+00:00,0.0,213,283,417
2025-01-14 20:05:00+00:00,0.0,215,286,419
2025-01-14 20:06:00+00:00,0.0,215,278,420
2025-01-14 20:07:00+00:00,0.0,215,289,419
2025-01-14 20:08:00+00:00,0.0,209,271,419
2025-01-14 20:09:00+00:00,0.0,140,282,418
2025-01-14 20:10:00+00:00,0.0,141,283,418
2025-01-14 20:11:00+00:00,0.0,141,285,418
2025-01-14 20:12:00+00:00,0.0,140,317,419
2025-01-14 20:13:00+00:00,0.0,153,317,418
2025-01-14 20:14:00+00:00,0.0,138,338,417
2025-01-14 20:15:00+00:00,0.0,139,332,416
2025-01-14 20:16:00+00:00,0.0,147,315,416
2025-01-14 20:17:00+00:00,0.0,176,308,426
2025-01-14 20:18:00+00:00,0.0,209,305,375
2025-01-14 20:19:00+00:00,0.0,134,282,377
2025-01-14 20:20:00+00:00,0.0,138,283,377
2025-01-14 20:21:00+00:00,0.0,138,288,377
2025-01-14 20:22:00+00:00,0.0,137,282,377
2025-01-14 20:23:00+00:00,0.0,137,291,379
2025-01-14 20:24:00+00:00,0.0,136,279,381
2025-01-14 20:25:00+00:00,0.0,132,280,379
2025-01-14 20:26:00+00:00,0.0,137,284,300
2025-01-14 20:27:00+00:00,0.0,137,276,298
2025-01-14 20:28:00+00:00,0.0,137,281,296
2025-01-14 20:29:00+00:00,0.0,137,290,297
2025-01-14 20:30:00+00:00,0.0,172,280,297
2025-01-14 20:31:00+00:00,0.0,138,285,297
2025-01-14 20:32:00+00:00,0.0,175,289,297
2025-01-14 20:33:00+00:00,0.0,217,278,292
2025-01-14 20:34:00+00:00,0.0,221,288,292
2025-01-14 20:35:00+00:00,0.0,217,292,291
2025-01-14 20:36:00+00:00,0.0,208,288,291
2025-01-14 20:37:00+00:00,0.0,215,291,289
2025-01-14 20:38:00+00:00,0.0,212,285,290
2025-01-14 20:39:00+00:00,0.0,211,284,290
2025-01-14 20:40:00+00:00,0.0,209,283,290
2025-01-14 20:41:00+00:00,0.0,210,281,299
2025-01-14 20:42:00+00:00,0.0,199,291,325
2025-01-14 20:43:00+00:00,0.0,214,2427,329
2025-01-14 20:44:00+00:00,0.0,213,2420,330
2025-01-14 20:45:00+00:00,0.0,208,280,326
2025-01-14 20:46:00+00:00,0.0,208,278,298
2025-01-14 20:47:00+00:00,0.0,207,283,299
2025-01-14 20:48:00+00:00,0.0,205,284,299
2025-01-14 20:49:00+00:00,0.0,169,281,300
2025-01-14 20:50:00+00:00,0.0,133,288,299
2025-01-14 20:51:00+00:00,0.0,132,283,299
2025-01-14 20:52:00+00:00,0.0,133,283,299
2025-01-14 20:53:00+00:00,0.0,131,278,299
2025-01-14 20:54:00+00:00,0.0,128,284,319
2025-01-14 20:55:00+00:00,0.0,133,279,336
2025-01-14 20:56:00+00:00,0.0,135,282,339
2025-01-14 20:57:00+00:00,0.0,133,281,343
2025-01-14 20:58:00+00:00,0.0,134,281,345
2025-01-14 20:59:00+00:00,0.0,170,287,346
2025-01-14 21:00:00+00:00,0.0,134,280,345
2025-01-14 21:01:00+00:00,0.0,134,278,346
2025-01-14 21:02:00+00:00,0.0,133,279,346
2025-01-14 21:03:00+00:00,0.0,132,281,340
2025-01-14 21:04:00+00:00,0.0,132,279,340
2025-01-14 21:05:00+00:00,0.0,127,283,362
2025-01-14 21:06:00+00:00,0.0,132,282,380
2025-01-14 21:07:00+00:00,0.0,134,284,380
2025-01-14 21:08:00+00:00,0.0,135,285,380
2025-01-14 21:09:00+00:00,0.0,135,286,380
2025-01-14 21:10:00+00:00,0.0,135,297,381
2025-01-14 21:11:00+00:00,0.0,136,284,380
2025-01-14 21:12:00+00:00,0.0,176,283,380
2025-01-14 21:13:00+00:00,0.0,220,286,381
2025-01-14 21:14:00+00:00,0.0,221,281,381
2025-01-14 21:15:00+00:00,0.0,217,277,382
2025-01-14 21:16:00+00:00,0.0,213,287,382
2025-01-14 21:17:00+00:00,0.0,212,277,382
2025-01-14 21:18:00+00:00,0.0,211,282,381
2025-01-14 21:19:00+00:00,0.0,211,284,382
2025-01-14 21:20:00+00:00,0.0,211,285,381
2025-01-14 21:21:00+00:00,0.0,208,283,381
2025-01-14 21:22:00+00:00,0.0,203,284,380
2025-01-14 21:23:00+00:00,0.0,208,278,380
2025-01-14 21:24:00+00:00,0.0,207,285,381
2025-01-14 21:25:00+00:00,0.0,208,295,381
2025-01-14 21:26:00+00:00,0.0,207,276,381
2025-01-14 21:27:00+00:00,0.0,206,292,379
2025-01-14 21:28:00+00:00,0.0,206,277,380
2025-01-14 21:29:00+00:00,0.0,206,288,381
2025-01-14 21:30:00+00:00,0.0,132,286,360
2025-01-14 21:31:00+00:00,0.0,132,282,342
2025-01-14 21:32:00+00:00,0.0,133,278,342
2025-01-14 21:33:00+00:00,0.0,133,280,342
2025-01-14 21:34:00+00:00,0.0,128,285,342
2025-01-14 21:35:00+00:00,0.0,132,282,344
2025-01-14 21:36:00+00:00,0.0,133,281,345
2025-01-14 21:37:00+00:00,0.0,133,279,345
2025-01-14 21:38:00+00:00,0.0,132,280,344
2025-01-14 21:39:00+00:00,0.0,132,288,343
2025-01-14 21:40:00+00:00,0.0,133,285,342
2025-01-14 21:41:00+00:00,0.0,131,283,342
2025-01-14 21:42:00+00:00,0.0,131,293,343
2025-01-14 21:43:00+00:00,0.0,132,279,343
2025-01-14 21:44:00+00:00,0.0,131,286,343
2025-01-14 21:45:00+00:00,0.0,126,285,342
2025-01-14 21:46:00+00:00,0.0,131,286,343
2025-01-14 21:47:00+00:00,0.0,130,286,342
2025-01-14 21:48:00+00:00,0.0,130,291,343
2025-01-14 21:49:00+00:00,0.0,129,293,343
2025-01-14 21:50:00+00:00,0.0,174,281,342
2025-01-14 21:51:00+00:00,0.0,185,287,343
2025-01-14 21:52:00+00:00,0.0,173,290,344
2025-01-14 21:53:00+00:00,0.0,254,285,342
2025-01-14 21:54:00+00:00,0.0,240,297,354
2025-01-14 21:55:00+00:00,0.0,229,293,347
2025-01-14 21:56:00+00:00,0.0,212,285,342
2025-01-14 21:57:00+00:00,0.0,208,298,341
2025-01-14 21:58:00+00:00,0.0,208,297,342
2025-01-14 21:59:00+00:00,0.0,207,287,342
2025-01-14 22:00:00+00:00,0.0,206,289,341
2025-01-14 22:01:00+00:00,0.0,206,286,340
2025-01-14 22:02:00+00:00,0.0,200,285,340
2025-01-14 22:03:00+00:00,0.0,204,295,342
2025-01-14 22:04:00+00:00,0.0,204,289,342
2025-01-14 22:05:00+00:00,0.0,204,288,343
2025-01-14 22:06:00+00:00,0.0,204,288,342
2025-01-14 22:07:00+00:00,0.0,203,284,343
2025-01-14 22:08:00+00:00,0.0,204,285,343
2025-01-14 22:09:00+00:00,0.0,205,289,344
2025-01-14 22:10:00+00:00,0.0,195,286,343
2025-01-14 22:11:00+00:00,0.0,124,285,343
2025-01-14 22:12:00+00:00,0.0,126,285,343
2025-01-14 22:13:00+00:00,0.0,121,289,342
2025-01-14 22:14:00+00:00,0.0,131,291,343
2025-01-14 22:15:00+00:00,0.0,131,289,343
2025-01-14 22:16:00+00:00,0.0,128,294,296
2025-01-14 22:17:00+00:00,0.0,128,289,296
2025-01-14 22:18:00+00:00,0.0,128,293,338
2025-01-14 22:19:00+00:00,0.0,129,277,335
2025-01-14 22:20:00+00:00,0.0,128,282,337
2025-01-14 22:21:00+00:00,0.0,127,285,336
2025-01-14 22:22:00+00:00,0.0,128,282,336
2025-01-14 22:23:00+00:00,0.0,128,283,336
2025-01-14 22:24:00+00:00,0.0,123,290,334
2025-01-14 22:25:00+00:00,0.0,128,281,336
2025-01-14 22:26:00+00:00,0.0,127,285,337
2025-01-14 22:27:00+00:00,0.0,126,277,337
2025-01-14 22:28:00+00:00,0.0,128,285,338
2025-01-14 22:29:00+00:00,0.0,127,278,337
2025-01-14 22:30:00+00:00,0.0,128,285,337
2025-01-14 22:31:00+00:00,0.0,127,285,338
2025-01-14 22:32:00+00:00,0.0,128,291,337
2025-01-14 22:33:00+00:00,0.0,169,290,337
2025-01-14 22:34:00+00:00,0.0,211,291,337
2025-01-14 22:35:00+00:00,0.0,214,291,336
2025-01-14 22:36:00+00:00,0.0,207,283,337
2025-01-14 22:37:00+00:00,0.0,208,293,337
2025-01-14 22:38:00+00:00,0.0,207,291,337
2025-01-14 22:39:00+00:00,0.0,207,294,336
2025-01-14 22:40:00+00:00,0.0,205,288,336
2025-01-14 22:41:00+00:00,0.0,220,283,336
2025-01-14 22:42:00+00:00,0.0,204,288,337
2025-01-14 22:43:00+00:00,0.0,204,279,341
2025-01-14 22:44:00+00:00,0.0,203,288,338
2025-01-14 22:45:00+00:00,0.0,202,284,343
2025-01-14 22:46:00+00:00,0.0,203,285,347
2025-01-14 22:47:00+00:00,0.0,204,288,347
2025-01-14 22:48:00+00:00,0.0,202,292,348
2025-01-14 22:49:00+00:00,0.0,202,286,348
2025-01-14 22:50:00+00:00,0.0,201,281,347
2025-01-14 22:51:00+00:00,0.0,127,283,347
2025-01-14 22:52:00+00:00,0.0,127,290,345
2025-01-14 22:53:00+00:00,0.0,122,287,346
2025-01-14 22:54:00+00:00,0.0,127,253,344
2025-01-14 22:55:00+00:00,0.0,126,276,345
2025-01-14 22:56:00+00:00,0.0,127,273,345
2025-01-14 22:57:00+00:00,0.0,127,280,344
2025-01-14 22:58:00+00:00,0.0,136,278,344
2025-01-14 22:59:00+00:00,0.0,124,297,344
